{
  "same_inst": {
    "1": {
      "mean": 0.7132946247957226,
      "std": 0.21576683869334298,
      "count": 12542
    },
    "2": {
      "mean": 0.6811580715108018,
      "std": 0.22742245848344142,
      "count": 12454
    },
    "3": {
      "mean": 0.6452577543085094,
      "std": 0.23631755421230344,
      "count": 12066
    },
    "4": {
      "mean": 0.6567967742591381,
      "std": 0.23314904202553516,
      "count": 12072
    },
    "5": {
      "mean": 0.6145712050680554,
      "std": 0.24537821414736083,
      "count": 11647
    },
    "6": {
      "mean": 0.6113697141486386,
      "std": 0.2461429965939268,
      "count": 11606
    },
    "7": {
      "mean": 0.6011285735357892,
      "std": 0.24646788693379615,
      "count": 11309
    },
    "8": {
      "mean": 0.6303947350252622,
      "std": 0.23997039073897494,
      "count": 11414
    },
    "9": {
      "mean": 0.5928728439843552,
      "std": 0.24765846379296755,
      "count": 11083
    },
    "10": {
      "mean": 0.5882848974716582,
      "std": 0.2507192910479397,
      "count": 11108
    },
    "11": {
      "mean": 0.5819330101659387,
      "std": 0.25157190937777973,
      "count": 10892
    },
    "12": {
      "mean": 0.5961311429215841,
      "std": 0.24866796561632945,
      "count": 10953
    },
    "13": {
      "mean": 0.577675388578639,
      "std": 0.2525070500929171,
      "count": 10724
    },
    "14": {
      "mean": 0.5814325827329256,
      "std": 0.2524507078276502,
      "count": 10765
    },
    "15": {
      "mean": 0.5823261179194368,
      "std": 0.25105001460862064,
      "count": 10581
    },
    "16": {
      "mean": 0.6123032625400647,
      "std": 0.24792210082845983,
      "count": 10707
    },
    "17": {
      "mean": 0.5819078579394595,
      "std": 0.2496542130448394,
      "count": 10464
    },
    "18": {
      "mean": 0.5809070510351296,
      "std": 0.25178701266099934,
      "count": 10546
    },
    "19": {
      "mean": 0.5751267597752464,
      "std": 0.2523629934299377,
      "count": 10390
    },
    "20": {
      "mean": 0.5872863778752556,
      "std": 0.2517293123720759,
      "count": 10512
    },
    "21": {
      "mean": 0.5748572673880247,
      "std": 0.2540349839860971,
      "count": 10356
    },
    "22": {
      "mean": 0.5761863045349932,
      "std": 0.25473717965934545,
      "count": 10417
    },
    "23": {
      "mean": 0.5764123697821057,
      "std": 0.2519815370053278,
      "count": 10262
    },
    "24": {
      "mean": 0.6042866760276796,
      "std": 0.2524144570574439,
      "count": 10384
    },
    "25": {
      "mean": 0.5781006732481259,
      "std": 0.25306413600398464,
      "count": 10158
    },
    "26": {
      "mean": 0.5775664334203613,
      "std": 0.25538324886081026,
      "count": 10184
    },
    "27": {
      "mean": 0.5725473770252256,
      "std": 0.2557797830102542,
      "count": 9997
    },
    "28": {
      "mean": 0.5849452283175925,
      "std": 0.255074854349817,
      "count": 10031
    },
    "29": {
      "mean": 0.5727042497836357,
      "std": 0.2551219471321506,
      "count": 9814
    },
    "30": {
      "mean": 0.5762563809655638,
      "std": 0.2550089448584062,
      "count": 9826
    },
    "31": {
      "mean": 0.5761576246633863,
      "std": 0.25439604485469824,
      "count": 9608
    },
    "32": {
      "mean": 0.6080026459509352,
      "std": 0.2554283133821495,
      "count": 9690
    }
  },
  "cross_inst": {
    "1": {
      "mean": 0.6041886061411171,
      "std": 0.25283270403538577,
      "count": 39403
    },
    "2": {
      "mean": 0.5885058311830691,
      "std": 0.25002057312629045,
      "count": 39458
    },
    "3": {
      "mean": 0.5757041336820965,
      "std": 0.250177121374349,
      "count": 39292
    },
    "4": {
      "mean": 0.5759747468964369,
      "std": 0.24869089624871735,
      "count": 39481
    },
    "5": {
      "mean": 0.5633540703604567,
      "std": 0.2507544897533586,
      "count": 39409
    },
    "6": {
      "mean": 0.5600945479852469,
      "std": 0.25018678978113,
      "count": 39526
    },
    "7": {
      "mean": 0.5571424527338262,
      "std": 0.24953266588028467,
      "count": 39301
    },
    "8": {
      "mean": 0.5625528277278612,
      "std": 0.24795992690147908,
      "count": 39374
    },
    "9": {
      "mean": 0.5534541628900419,
      "std": 0.24964006885827517,
      "count": 39092
    },
    "10": {
      "mean": 0.5500143817523975,
      "std": 0.2504538023786002,
      "count": 39281
    },
    "11": {
      "mean": 0.54795650626693,
      "std": 0.2509505847403094,
      "count": 39067
    },
    "12": {
      "mean": 0.5517991161768152,
      "std": 0.2500387178187775,
      "count": 39095
    },
    "13": {
      "mean": 0.5466593869746085,
      "std": 0.2512817402642467,
      "count": 38819
    },
    "14": {
      "mean": 0.5459950377347148,
      "std": 0.2507654070977613,
      "count": 38774
    },
    "15": {
      "mean": 0.5474597348855408,
      "std": 0.2506793150519563,
      "count": 38428
    },
    "16": {
      "mean": 0.5538987797395611,
      "std": 0.24958472563416784,
      "count": 38466
    },
    "17": {
      "mean": 0.5473048015341206,
      "std": 0.25035426986699555,
      "count": 38105
    },
    "18": {
      "mean": 0.5459421539981247,
      "std": 0.2504563908151349,
      "count": 38114
    },
    "19": {
      "mean": 0.5448132539355417,
      "std": 0.2504403748449653,
      "count": 37766
    },
    "20": {
      "mean": 0.5471011902895311,
      "std": 0.24964983837375554,
      "count": 37708
    },
    "21": {
      "mean": 0.5430967065651828,
      "std": 0.2511802982267702,
      "count": 37311
    },
    "22": {
      "mean": 0.5429213734468616,
      "std": 0.2507271455390323,
      "count": 37245
    },
    "23": {
      "mean": 0.5439303365732591,
      "std": 0.25085727890041465,
      "count": 36783
    },
    "24": {
      "mean": 0.550698271283892,
      "std": 0.2505063280455645,
      "count": 36707
    },
    "25": {
      "mean": 0.5442105232379203,
      "std": 0.250971248386384,
      "count": 36283
    },
    "26": {
      "mean": 0.5430225655633882,
      "std": 0.25125855099372896,
      "count": 36212
    },
    "27": {
      "mean": 0.5416878552978514,
      "std": 0.25163328350866415,
      "count": 35817
    },
    "28": {
      "mean": 0.5437799805321832,
      "std": 0.25083197845608696,
      "count": 35667
    },
    "29": {
      "mean": 0.5411699669903272,
      "std": 0.251765908444918,
      "count": 35204
    },
    "30": {
      "mean": 0.5415327032920618,
      "std": 0.2511216128704568,
      "count": 34924
    },
    "31": {
      "mean": 0.5411271829768689,
      "std": 0.25117350187344406,
      "count": 34347
    },
    "32": {
      "mean": 0.5476562364319105,
      "std": 0.251046428075574,
      "count": 34218
    }
  },
  "cross_inst_same_bar": {
    "mean": 0.6502622958792355,
    "std": 0.2587689193835738,
    "count": 39661
  },
  "summary": {
    "same_inst_max": {
      "offset": 1,
      "nmi": 0.7132946247957226
    },
    "same_inst_min": {
      "offset": 27,
      "nmi": 0.5725473770252256
    },
    "cross_inst_max": {
      "offset": 1,
      "nmi": 0.6041886061411171
    },
    "cross_inst_min": {
      "offset": 31,
      "nmi": 0.5411271829768689
    },
    "cross_inst_same_bar": 0.6502622958792355,
    "threshold": 0.1,
    "effective_same_inst": [
      1,
      2,
      3,
      4,
      5,
      6,
      7,
      8,
      9,
      10,
      11,
      12,
      13,
      14,
      15,
      16,
      17,
      18,
      19,
      20,
      21,
      22,
      23,
      24,
      25,
      26,
      27,
      28,
      29,
      30,
      31,
      32
    ],