{
  "same_bar_cross_type": {
    "D\u2192V": 0.05644412514803392,
    "P\u2192D": 0.08169990172238287,
    "P\u2192V": 0.08810803069946642,
    "T\u2192D": 0.08198994651231183,
    "T\u2192P": 0.12550975797786498,
    "T\u2192V": 0.08952809935852057
  },
  "by_offset": {
    "1": {
      "T\u2192T": 0.20039150043422513,
      "P\u2192P": 0.1793065448513394,
      "D\u2192D": 0.09305322107984756,
      "V\u2192V": 0.19806285239683086,
      "T\u2192P": 0.1066599279251528,
      "P\u2192T": 0.10256674133503009,
      "T\u2192D": 0.0801579654018591,
      "P\u2192D": 0.06325678424387751,
      "T\u2192V": 0.07389518216733852,
      "P\u2192V": 0.06612887210575326
    },
    "2": {
      "T\u2192T": 0.2070206957248562,
      "P\u2192P": 0.1490330581900998,
      "D\u2192D": 0.10183385772427876,
      "V\u2192V": 0.16000489726963016,
      "T\u2192P": 0.09552749716133928,
      "P\u2192T": 0.09314751768484823,
      "T\u2192D": 0.06504804493914242,
      "P\u2192D": 0.05995953573680314,
      "T\u2192V": 0.06577506291946143,
      "P\u2192V": 0.05981037494070888
    },
    "3": {
      "T\u2192T": 0.1639441789967153,
      "P\u2192P": 0.11106032112513135,
      "D\u2192D": 0.07505410091999282,
      "V\u2192V": 0.1261846631463613,
      "T\u2192P": 0.08893792803592816,
      "P\u2192T": 0.08915840395466607,
      "T\u2192D": 0.0686428778803934,
      "P\u2192D": 0.05726651567636942,
      "T\u2192V": 0.06233885234421307,
      "P\u2192V": 0.05425866070422844
    },
    "4": {
      "T\u2192T": 0.20186800704844923,
      "P\u2192P": 0.13502899554337566,
      "D\u2192D": 0.10020260976928189,
      "V\u2192V": 0.12204140062794037,
      "T\u2192P": 0.08728099658181045,
      "P\u2192T": 0.08628067984025412,
      "T\u2192D": 0.06127414042571877,
      "P\u2192D": 0.0574771528128664,
      "T\u2192V": 0.060450634861809335,
      "P\u2192V": 0.05244053607822382
    },
    "5": {
      "T\u2192T": 0.14642537337475192,
      "P\u2192P": 0.09092043202461349,
      "D\u2192D": 0.0653692691565382,
      "V\u2192V": 0.09381582949761831,
      "T\u2192P": 0.08386175431760516,
      "P\u2192T": 0.08128554598794181,
      "T\u2192D": 0.06314691540521138,
      "P\u2192D": 0.05455918754926868,
      "T\u2192V": 0.05904963378545004,
      "P\u2192V": 0.04899632136688269
    },
    "6": {
      "T\u2192T": 0.1550672587785526,
      "P\u2192P": 0.09486713917904349,
      "D\u2192D": 0.07165575692967374,
      "V\u2192V": 0.089412505868463,
      "T\u2192P": 0.08206519134304475,
      "P\u2192T": 0.07973039540561536,
      "T\u2192D": 0.05873113866834214,
      "P\u2192D": 0.054430228354249925,
      "T\u2192V": 0.057207949568535366,
      "P\u2192V": 0.04714155936846483
    },
    "7": {
      "T\u2192T": 0.1384439460154081,
      "P\u2192P": 0.08308098404221821,
      "D\u2192D": 0.0592650824871825,
      "V\u2192V": 0.07958774188973745,
      "T\u2192P": 0.07965709771824787,
      "P\u2192T": 0.07794185475465304,
      "T\u2192D": 0.06447869727558495,
      "P\u2192D": 0.051863429014485804,
      "T\u2192V": 0.05753506930990622,
      "P\u2192V": 0.04583994467444974
    },
    "8": {
      "T\u2192T": 0.1865443094342056,
      "P\u2192P": 0.12265106630679432,
      "D\u2192D": 0.09468044201793084,
      "V\u2192V": 0.09058886915341531,
      "T\u2192P": 0.08129813053148884,
      "P\u2192T": 0.07934815899401476,
      "T\u2192D": 0.06035361084720307,
      "P\u2192D": 0.05214754010470112,
      "T\u2192V": 0.0586218323497347,
      "P\u2192V": 0.047437125753342725
    },
    "9": {
      "T\u2192T": 0.13759522918506323,
      "P\u2192P": 0.08053853431497632,
      "D\u2192D": 0.05729548756923911,
      "V\u2192V": 0.07347911339216591,
      "T\u2192P": 0.07960444286533926,
      "P\u2192T": 0.07680629026969876,
      "T\u2192D": 0.060884752295857915,
      "P\u2192D": 0.04941638359752222,
      "T\u2192V": 0.05669793094134018,
      "P\u2192V": 0.044750033095097605
    },
    "10": {
      "T\u2192T": 0.13804591174771252,
      "P\u2192P": 0.08046755807696532,
      "D\u2192D": 0.06031030850761785,
      "V\u2192V": 0.06918423343393026,
      "T\u2192P": 0.0758014633862014,
      "P\u2192T": 0.0749831357849485,
      "T\u2192D": 0.056033385989324495,
      "P\u2192D": 0.04886090175513973,
      "T\u2192V": 0.055665453133078226,
      "P\u2192V": 0.04333492288985159
    },
    "11": {
      "T\u2192T": 0.12938331619316856,
      "P\u2192P": 0.07435440211997074,
      "D\u2192D": 0.05473009982692083,
      "V\u2192V": 0.06505729400056655,
      "T\u2192P": 0.07784219191324274,
      "P\u2192T": 0.07552796699398798,
      "T\u2192D": 0.06043812539950213,
      "P\u2192D": 0.050219179444870095,
      "T\u2192V": 0.05519709715690809,
      "P\u2192V": 0.04245133722619475
    },
    "12": {
      "T\u2192T": 0.15162890370725418,
      "P\u2192P": 0.09140074014579286,
      "D\u2192D": 0.06998713833281761,
      "V\u2192V": 0.07291664399784886,
      "T\u2192P": 0.07747767772077592,
      "P\u2192T": 0.07547944689494197,
      "T\u2192D": 0.05629860949155408,
      "P\u2192D": 0.050101779939351165,
      "T\u2192V": 0.055375630592625465,
      "P\u2192V": 0.04566946762437482
    },
    "13": {
      "T\u2192T": 0.12793559936942303,
      "P\u2192P": 0.07465113703151356,
      "D\u2192D": 0.05429529513482312,
      "V\u2192V": 0.06284045933897904,
      "T\u2192P": 0.0763318846177918,
      "P\u2192T": 0.07400604934260759,
      "T\u2192D": 0.05845317566004456,
      "P\u2192D": 0.04982580393194448,
      "T\u2192V": 0.05493583175763555,
      "P\u2192V": 0.04397805269956047
    },
    "14": {
      "T\u2192T": 0.13315951043003785,
      "P\u2192P": 0.07828306144750127,
      "D\u2192D": 0.05684235086654918,
      "V\u2192V": 0.06467557389837159,
      "T\u2192P": 0.07596101352612004,
      "P\u2192T": 0.07589749694637858,
      "T\u2192D": 0.05650890052970104,
      "P\u2192D": 0.04922255075820107,
      "T\u2192V": 0.05540855503426986,
      "P\u2192V": 0.04429542788023642
    },
    "15": {
      "T\u2192T": 0.13256273758998663,
      "P\u2192P": 0.07546146668258528,
      "D\u2192D": 0.05267144395355055,
      "V\u2192V": 0.06430500507039927,
      "T\u2192P": 0.07791262716731474,
      "P\u2192T": 0.07796309603667595,
      "T\u2192D": 0.061903067180913325,
      "P\u2192D": 0.04913298232810702,
      "T\u2192V": 0.05680607760705769,
      "P\u2192V": 0.04384446343619323
    },
    "16": {
      "T\u2192T": 0.1712595011556462,
      "P\u2192P": 0.11788247106629095,
      "D\u2192D": 0.0836310134448183,
      "V\u2192V": 0.079340690751386,
      "T\u2192P": 0.07957758996368489,
      "P\u2192T": 0.07771233586334748,
      "T\u2192D": 0.058830343003060434,
      "P\u2192D": 0.05127337891991541,
      "T\u2192V": 0.05732281949151772,
      "P\u2192V": 0.047160487495037956
    }
  }
}