{
  "same_note": {
    "D-V": {
      "mean": 0.11132183296559585,
      "std": 0.1529247015818957,
      "count": 10132
    },
    "P-D": {
      "mean": 0.2056727762571445,
      "std": 0.1572022956530145,
      "count": 10132
    },
    "P-V": {
      "mean": 0.15453975967576367,
      "std": 0.18133719494148937,
      "count": 10132
    },
    "T-D": {
      "mean": 0.2571704045385194,
      "std": 0.18176434391946641,
      "count": 10132
    },
    "T-P": {
      "mean": 0.24933809025619566,
      "std": 0.17173114127160216,
      "count": 10132
    },
    "T-V": {
      "mean": 0.11546241600141238,
      "std": 0.15459218994802484,
      "count": 10132
    }
  },
  "adjacent_note": {
    "D\u2192D": {
      "mean": 0.3097302312990058,
      "std": 0.22152020972984945,
      "count": 10132
    },
    "D\u2192P": {
      "mean": 0.18221812740381163,
      "std": 0.14351190643394887,
      "count": 10132
    },
    "D\u2192T": {
      "mean": 0.2119112096622944,
      "std": 0.1600190164026459,
      "count": 10132
    },
    "D\u2192V": {
      "mean": 0.09604897246752947,
      "std": 0.13373313784343255,
      "count": 10132
    },
    "P\u2192D": {
      "mean": 0.18273084198396194,
      "std": 0.14346070147434464,
      "count": 10132
    },
    "P\u2192P": {
      "mean": 0.4656591517779475,
      "std": 0.18893371568818607,
      "count": 10132
    },
    "P\u2192T": {
      "mean": 0.23752208027821806,
      "std": 0.1676139560056735,
      "count": 10132
    },
    "P\u2192V": {
      "mean": 0.127945254557917,
      "std": 0.15107696992810665,
      "count": 10132
    },
    "T\u2192D": {
      "mean": 0.17992005180362533,
      "std": 0.14464174402182586,
      "count": 10132
    },
    "T\u2192P": {
      "mean": 0.23439680659948167,
      "std": 0.16640948668412212,
      "count": 10132
    },
    "T\u2192T": {
      "mean": 0.5623630881965742,
      "std": 0.21826417689935457,
      "count": 10132
    },
    "T\u2192V": {
      "mean": 0.10104437194602824,
      "std": 0.13954808066128796,
      "count": 10132
    },
    "V\u2192D": {
      "mean": 0.09350712072594798,
      "std": 0.1308178428117283,
      "count": 10132
    },
    "V\u2192P": {
      "mean": 0.12727803885106462,
      "std": 0.15159435617308226,
      "count": 10132
    },
    "V\u2192T": {
      "mean": 0.10182478358722384,
      "std": 0.14040335818599872,
      "count": 10132
    },
    "V\u2192V": {
      "mean": 0.2993479329686138,
      "std": 0.3303177741717574,
      "count": 10132
    }
  },
  "same_bar": {
    "D\u2192D": {
      "mean": 0.38766738575922205,
      "std": 0.2927665633378544,
      "count": 9949
    },
    "D\u2192P": {
      "mean": 0.19345337586038983,
      "std": 0.15963511613454856,
      "count": 9949
    },
    "D\u2192T": {
      "mean": 0.24058663376599096,
      "std": 0.1932057066082072,
      "count": 9949
    },
    "D\u2192V": {
      "mean": 0.10177035771650275,
      "std": 0.14902666786789223,
      "count": 9949
    },
    "P\u2192D": {
      "mean": 0.19762465152569958,
      "std": 0.1621078226761323,
      "count": 9949
    },
    "P\u2192P": {
      "mean": 0.53098329341825,
      "std": 0.21064331998993024,
      "count": 9949
    },
    "P\u2192T": {
      "mean": 0.2687613983503249,
      "std": 0.18125984747662952,
      "count": 9949
    },
    "P\u2192V": {
      "mean": 0.1425240056936862,
      "std": 0.1678811572578335,
      "count": 9949
    },
    "T\u2192D": {
      "mean": 0.20439633814829897,
      "std": 0.16612540182032126,
      "count": 9949
    },
    "T\u2192P": {
      "mean": 0.2610116052244145,
      "std": 0.17913747931405405,
      "count": 9949
    },
    "T\u2192T": {
      "mean": 0.6383325754398628,
      "std": 0.1987276323580641,
      "count": 9949
    },
    "T\u2192V": {
      "mean": 0.11167585763134129,
      "std": 0.152461168635395,
      "count": 9949
    },
    "V\u2192D": {
      "mean": 0.10224303909771038,
      "std": 0.14824636105871672,
      "count": 9949
    },
    "V\u2192P": {
      "mean": 0.14222693258251462,
      "std": 0.1688426728522605,
      "count": 9949
    },
    "V\u2192T": {
      "mean": 0.11669782760140086,
      "std": 0.1562134941127716,
      "count": 9949
    },
    "V\u2192V": {
      "mean": 0.3378188971020996,
      "std": 0.37030777310962765,
      "count": 9949
    }
  },
  "cross_bar": {
    "D\u2192D": {
      "mean": 0.2884851214065595,
      "std": 0.22460308905164536,
      "count": 9611
    },
    "D\u2192P": {
      "mean": 0.3034145998482256,
      "std": 0.207848276080211,
      "count": 9611
    },
    "D\u2192T": {
      "mean": 0.24264631408813214,
      "std": 0.22835262974351456,
      "count": 9611
    },
    "D\u2192V": {
      "mean": 0.14111818886723793,
      "std": 0.1833683334832784,
      "count": 9611
    },
    "P\u2192D": {
      "mean": 0.29155062589030645,
      "std": 0.20179112143887976,
      "count": 9611
    },
    "P\u2192P": {
      "mean": 0.5172353568458814,
      "std": 0.22023827903148438,
      "count": 9611
    },
    "P\u2192T": {
      "mean": 0.205303003667475,
      "std": 0.18604240676003594,
      "count": 9611
    },
    "P\u2192V": {
      "mean": 0.1907871058159312,
      "std": 0.21364915129841744,
      "count": 9611
    },
    "T\u2192D": {
      "mean": 0.24758316827604124,
      "std": 0.19762463536769947,
      "count": 9611
    },
    "T\u2192P": {
      "mean": 0.29566271309861436,
      "std": 0.191064334718192,
      "count": 9611
    },
    "T\u2192T": {
      "mean": 0.22971207562915114,
      "std": 0.22052218351206726,
      "count": 9611
    },
    "T\u2192V": {
      "mean": 0.13739477866635944,
      "std": 0.17555640566226133,
      "count": 9611
    },
    "V\u2192D": {
      "mean": 0.13480731119115474,
      "std": 0.1783688453865317,
      "count": 9611
    },
    "V\u2192P": {
      "mean": 0.1881716197725318,
      "std": 0.21169326553055415,
      "count": 9611
    },
    "V\u2192T": {
      "mean": 0.09867050711917505,
      "std": 0.15112378660926115,
      "count": 9611
    },
    "V\u2192V": {
      "mean": 0.28783066742868435,
      "std": 0.31172459045055684,
      "count": 9611
    }
  }
}