{
  "by_distance": {
    "1": {
      "T_to_P": 0.2299370044109852,
      "P_to_T": 0.23354813382278966,
      "T_to_T": 0.5925823963247532,
      "P_to_P": 0.44850274715041943
    },
    "2": {
      "T_to_P": 0.22191761050747777,
      "P_to_T": 0.2250447355554238,
      "T_to_T": 0.52056912877868,
      "P_to_P": 0.3915781578949714
    },
    "3": {
      "T_to_P": 0.21238245359849484,
      "P_to_T": 0.2159825358246212,
      "T_to_T": 0.45990866662673824,
      "P_to_P": 0.35652482130611063
    },
    "4": {
      "T_to_P": 0.2075629883321608,
      "P_to_T": 0.21082934104698164,
      "T_to_T": 0.4429300931616939,
      "P_to_P": 0.347530787069247
    },
    "5": {
      "T_to_P": 0.2016462520958197,
      "P_to_T": 0.20447003223001953,
      "T_to_T": 0.3885939740269363,
      "P_to_P": 0.32220683893016366
    },
    "6": {
      "T_to_P": 0.19773451214439886,
      "P_to_T": 0.20000897374051976,
      "T_to_T": 0.4037293557059371,
      "P_to_P": 0.32533480182602204
    },
    "7": {
      "T_to_P": 0.19360646072128007,
      "P_to_T": 0.19641338328464214,
      "T_to_T": 0.35443955209528394,
      "P_to_P": 0.30520419959407075
    },
    "8": {
      "T_to_P": 0.19197763670833853,
      "P_to_T": 0.1941338223243171,
      "T_to_T": 0.3663694726770597,
      "P_to_P": 0.3130600956416386
    },
    "9": {
      "T_to_P": 0.18786607540827413,
      "P_to_T": 0.18977492864013484,
      "T_to_T": 0.34471536952992554,
      "P_to_P": 0.2990492791991907
    },
    "10": {
      "T_to_P": 0.18677758874105888,
      "P_to_T": 0.1883199621872613,
      "T_to_T": 0.3419620433364802,
      "P_to_P": 0.2975591415587377
    }
  },
  "same_vs_cross": {
    "T_to_P_same_bar": 0.2520799446922753,
    "T_to_P_cross_bar": 0.2849131413552163,
    "P_to_T_same_bar": 0.26263742506724536,
    "P_to_T_cross_bar": 0.17347858563815216
  }
}